customer_id,customer_name,contact,street,city,country,postal_code,phone
1,"Short, Taylor and Brown",Andrew Woods,3104 Allen Mall,Scottton,Mauritania,91825,+82 +1-536-993-0030
2,Glover-Hernandez,Kathleen Callahan,46716 Graves Drive,West Kimberg,Myanmar,75905,+234 447-861-4700x71251
3,Conrad-Harris,Mark Hill,4945 Harvey Greens Suite 329,Matthewmouth,Northern Mariana Islands,23860,+262 639 691.737.9008
4,Patterson-Smith,Russell Peterson,574 Harvey Vista Suite 020,Lake Tammyport,San Marino,75100,+373 2 001-230-218-0321x1805
5,Mccann-Thompson,Jacob Myers,988 Brittney Walk Suite 803,New Rebecca,Albania,04586,+358 18 001-264-844-5618x991
6,Kelly-Oconnell,Amber Harmon,5076 Pamela Estates,Lake Rachel,Malawi,59981,+39 06 698 262.613.2527
7,"Stephens, King and Johnson",Amanda Walker,8142 Crawford Mission,Port Jonathanshire,Grenada,15468,+1 284 001-675-402-4532x8276
8,Williams-Mack,Zachary Walker,24067 David Land,North Rickytown,Sri Lanka,23962,+420 (989)498-0714
9,Clark-Brooks,Matthew Nguyen,852 Melton Fall,West Mariafurt,Turkey,35212,+57 (899)758-1468x885
10,Galloway-Coleman,Sean Chang,64742 Darren Parkway,Matthewhaven,Nicaragua,71733,+216 001-669-730-9178
11,"Mills, Torres and Graham",Matthew Rangel,521 Sampson Loop Suite 683,West Dawn,Algeria,85945,+507 366.980.7640
12,Preston-Wright,Shawn Weber,18139 Christian Island Apt. 864,Richardfort,Senegal,29567,+211 6025619622
13,Owens-Mclaughlin,Matthew Pierce,96172 Barbara Highway,Lisaside,Netherlands Antilles,40335,+356 (322)267-5055x817
14,Dean Ltd,Benjamin Huber,2887 Mills Vista Apt. 076,North Lisa,Zambia,57988,+39 (306)239-8565
15,Mills Inc,Gilbert Ramos,721 Barrett Path Apt. 626,Frankland,Libyan Arab Jamahiriya,27619,+596 +1-276-449-4908x293
16,Perez and Sons,Margaret Gardner,279 Angie Circles,Lake Rebeccaborough,Maldives,03033,+882 16 702-415-0969x8783
17,"Neal, Baxter and Thompson",Kristen Flynn MD,42153 Smith Plaza,Hallbury,Germany,53344,+39 9158142105
18,Garcia-Mcgrath,John Johnson,19407 Gallagher Crossroad Suite 600,South Matthewland,Sudan,45340,+683 4684301465
19,"Serrano, Armstrong and Taylor",Stacy Allen,494 Debra Land,Matthewborough,Guinea-Bissau,16386,+678 (234)657-2167x436
20,Salas-Ruiz,Arthur Chavez,185 Lee Street Suite 551,Trevorfurt,Pakistan,04412,+1 664 +1-749-367-7829x2179
21,Meyer Ltd,Lisa Patton,292 Hutchinson Court Apt. 294,Jillianfurt,Tonga,53888,+32 872.578.2697
22,Williams-Higgins,David Robinson,6150 Jennifer Rue Apt. 594,West Peter,Nepal,17401,+888 (760)264-2789x3312
23,"Davis, Salinas and Johnson",Maria Ali,2253 Robert Course,West Rachael,Norway,11260,+882 13 250-992-3486x06384
24,Ross Ltd,April Lee,9927 Rangel Union,Brennanland,Pitcairn Islands,68459,+1 345 +1-990-442-2922
25,Vasquez and Sons,Dominic Freeman,1997 Cohen Crossing Suite 001,South Daniel,New Caledonia,90989,+52 +1-460-874-7358
26,Johnson Inc,Dennis Nielsen,346 Linda Plains Suite 250,New Julie,Tunisia,78450,+973 878-371-0298x9071
27,Smith-Moore,Chris Kim,2952 Richardson Wells,Port Larry,Zambia,32492,+91 (359)757-9911
28,Bryant-Hinton,Matthew Francis,81705 Jennifer Branch,Lake Robertview,Guinea-Bissau,01736,+686 370-603-2757
29,"Reynolds, Pollard and Day",Cody Harrell,51011 Martinez Island,East Michael,Saint Helena,49122,+599 9 760-278-8510x36690
30,"Weiss, Sanders and Clark",Alicia Doyle,82122 Keith Center,Brianashire,Afghanistan,15308,+92 001-636-335-4769
31,"Lowe, Acevedo and Thompson",Heather Gutierrez,69013 Kelley Springs Apt. 481,Ronaldland,United Arab Emirates,23846,+590 +1-765-786-8831x539
32,Chambers-Anderson,Victoria Ali,7284 Shane Ports Apt. 317,West Douglas,Guam,41321,+44 7924 (690)421-4096x407
33,Delacruz-Powell,Evelyn Neal,6109 Dawn Cliff,South Cynthia,Bangladesh,59906,+256 001-786-917-7545x549
34,Wise Group,Jeremy Holland,6905 Andrade Square,West Matthew,Austria,16337,+994 318.723.5942x03732
35,Espinoza Inc,David Hudson,720 Amber Estate,Port Cassandraview,Sierra Leone,94780,+598 827.804.7412x684
36,"Burke, Wilkerson and Coleman",Kim Davis MD,68999 Pierce Way Apt. 263,North Scott,Reunion,82849,+968 650-402-5555
37,Cox-Moyer,Shannon Mccullough,007 David Avenue Suite 742,Campbellburgh,Cambodia,72332,+685 996-802-9411x841
38,"Walsh, Costa and Oconnor",Christine Taylor,30328 Gregory Station Apt. 545,North Daniel,Spain,14265,+255 24 +1-553-492-1933x589
39,"Ray, Shaw and Miller",Jason Rush,349 Rivera Rapid Apt. 628,Spencerland,Fiji,26741,+979 001-224-412-7788x646
40,"Proctor, Cooley and Coleman",Melanie Woods,839 Mccormick Bridge,East John,Oman,76457,+590 (380)583-9156x7682
41,Hogan Inc,Michael Jones,37445 Joseph Valley Suite 003,Jonmouth,Palestinian Territory,57860,+975 (948)612-0559x419
42,"Phillips, Bush and Miller",Andrea Stevens,55310 Harris Springs,Schmidtmouth,Qatar,59359,+672 +1-261-295-9832x1971
43,Solis Group,Tammy Walters,6393 Patricia Circles,North John,Brunei Darussalam,17162,+237 4783325433
44,Esparza-Terry,Jason Dawson,21012 Brock Tunnel,Christinefurt,Palau,40098,+55 714-878-1327x79527
45,"Bailey, Henderson and Bailey",Joshua Morgan,39079 Yoder Ridge,Martinezburgh,Austria,66784,+964 880.421.9411x37322
46,Walters Inc,Eddie Olson,60648 Kaitlyn Ways,Erikfort,Bermuda,06185,+66 001-885-880-1386
47,Johnson PLC,Glenda Gregory,09100 Greg Fields Suite 841,North Kayla,Serbia,01909,+970 490-988-7105
48,Anderson and Sons,Abigail Riley,5846 Joseph Branch Apt. 487,Holdenchester,Saint Martin,10136,+299 669-515-9554x3928
49,Powell Group,Shawn Cruz,27581 Lee Island,Codyberg,Ghana,49748,+223 609-203-8403
50,"Hardy, Smith and Smith",Brian Stephens,3736 Harris Oval Apt. 027,Rileytown,Palestinian Territory,07020,+61 89164 343-410-8563x426
51,Fox Inc,Terry Allen,2597 Antonio Locks Apt. 946,Garzaville,Central African Republic,37216,+500 438.443.9141
52,Young-Cobb,Tammy Taylor,7877 Edwards Stravenue,New Wandachester,Luxembourg,50287,+881 1 001-574-923-7538x0257
53,"Martin, Harris and Brooks",Jennifer Douglas,8304 Mia Court,Lake Carl,Isle of Man,98247,+290 783-894-7720
54,Hodges and Sons,Karen Barron,6331 Cole Glen Apt. 945,Ariasfort,American Samoa,77767,+599 9 +1-808-423-4564x033
55,Wilson Inc,Shawn Benjamin,154 Pollard Junction,Beckerfort,Ukraine,35477,+33 3632393107
56,Saunders-Huffman,Andrea Foster,86832 Morrow Prairie,North Kelly,Somalia,75324,+234 729.843.1316x90623
57,"Owens, Reese and Villa",Tyler Watson,267 Hart Drive Apt. 357,Brentport,Rwanda,22919,+211 5402700198
58,Schroeder Ltd,Mike Baldwin,38983 Jason Square Suite 828,North Dustinmouth,Trinidad and Tobago,26171,+1 784 (432)493-4710x7366
59,"Frazier, Brooks and Ramirez",Karla Church,333 Jill Alley Suite 373,West Paul,Malaysia,86114,+881 6 001-690-676-5097x1557
60,"Barber, Warner and Moon",Jay Stone,576 Meghan Groves,Patriciaville,Burkina Faso,77025,+687 (908)791-0226x4365
61,Conner-Cunningham,Gregory Benjamin,506 Richard Road Apt. 608,Richardsmouth,Oman,05983,+878 (889)917-8446
62,Jordan Ltd,Jonathan Anderson,08205 Trevino Extensions,Erinshire,Mongolia,73172,+881 9 +1-378-478-0918x277
63,Dennis Group,Craig Lee,82763 Melendez Underpass,Port Ryan,Saint Helena,31457,+359 +1-970-903-0707x31839
64,Wall-Mcmillan,Joseph Martin,883 Jamie Forge Apt. 064,Aliciaberg,Guadeloupe,83751,+240 335.817.2866
65,Smith-Walker,Michael White,0118 Hubbard Center,Jasonburgh,Tanzania,86309,+420 707-654-5891
66,Graham Inc,Amber Allen,578 Alyssa Mission Suite 337,Careytown,Cuba,26775,+670 472.311.5090x63460
67,Williams LLC,Charles Berger,59807 Nunez Ports,Evansstad,Tonga,19622,+86 553-685-4446x005
68,"Brooks, Cox and Martin",Ariana Murphy,508 Veronica Parkway Apt. 411,Carrollshire,Ukraine,91146,+504 572.871.1204x32747
69,Johnson-Dillon,Dawn Tanner,16284 Marcus Road Apt. 687,Hammondstad,Heard Island and McDonald Islands,09847,+90 392 410-249-4779
70,Sullivan Ltd,Maria Massey,8808 Reyes Plains,Sullivanfurt,British Virgin Islands,30660,+64 614.901.7994x8695
71,Collins-Cabrera,Tony Olsen,01686 Christopher Flats,Yolandafort,Chile,76327,+963 507.706.7176x72538
72,Snyder-Ward,Vincent Nunez,33923 Hernandez Ridge Apt. 431,Brownfurt,Bulgaria,88381,+257 (935)568-2730
73,"Ramsey, Buchanan and Berger",Lee Welch,166 Ashley Rapids Apt. 508,East Brian,Papua New Guinea,14997,+239 969-816-1425x5451
74,"Callahan, Melendez and Brooks",Lisa Ramsey,80540 Mike Corners,Gallaghermouth,Timor-Leste,05763,+881 7 864-849-0165x383
75,Rodriguez-Smith,Haley Jackson,13865 Leah Shoals,Daniellebury,Singapore,88899,+262 639 (656)266-9976x155
76,Rivera Group,Danielle Small,7504 Michael Forges,Lake Scottside,Peru,10107,+66 334-271-4947x543
77,Moss LLC,Teresa French,358 Hawkins Cape Suite 179,Port Jamesfurt,Equatorial Guinea,39282,+1 869 001-702-453-4851
78,Miller Ltd,Christopher Harding,16779 Gaines Pines,Port Emilybury,French Polynesia,49688,+1 787 773.486.4294x4654
79,Gill-Wu,Lauren Wallace,3979 Hernandez Dam,Maldonadoland,Seychelles,94705,+7 7 445-368-2918
80,Russell Ltd,Adam Wells,6349 Dillon Walks,East Leroy,Netherlands,89085,+27 (511)539-8534x5085
81,Wright-Liu,Scott Cooley,272 Jason Summit,New Josephmouth,Bolivia,32636,+44 7624 255-335-6363
82,Johnson LLC,Roger Johnson,745 Howell Square Suite 402,West Sharonbury,Reunion,56963,+359 001-577-254-3040x65663
83,Roach-Vance,Heather Carter,70512 Jennifer Court Apt. 111,East Ian,Denmark,31831,+500 473.526.3442x778
84,Zimmerman-Nichols,Steven Adams,53941 Jenkins Squares Apt. 306,Jacksonville,Italy,20728,+61 5355112995
85,Mills-Lee,Paul Butler,83012 Cameron Alley Suite 465,Alexanderberg,Mauritius,10366,+356 349.304.2204x4442
86,Williams and Sons,Larry Wolf,567 Bryan Loop,West Douglasville,Hungary,83329,+682 (844)836-0249x3395
87,"Morse, Gamble and Nielsen",Caleb Martinez,192 Clements Cove Suite 383,Allisonland,Benin,86961,+46 821.455.0676
88,"Turner, Brown and Humphrey",Bryan Donaldson,46960 Kristy Point,South Richard,Heard Island and McDonald Islands,40299,+30 (336)873-3292
89,"Jones, Perry and Simpson",Gary Leonard,2750 Smith Rapids,South Vincent,Ethiopia,24732,+222 001-448-765-4306x27651
90,"Brown, Gutierrez and Trevino",Francisco Reid,1419 Anderson Locks Apt. 916,Charlesview,Uganda,34086,+44 1481 001-679-940-4293x148
91,Gray and Sons,Walter Cortez,27982 Alex Groves Suite 195,South Chelsea,Belarus,21157,+881 0 +1-540-968-2323
92,Hall LLC,David Valenzuela,617 Lin Springs,Martinezton,Faroe Islands,71641,+358 001-961-604-6400x66330
93,"Flores, Day and Thomas",Sarah Bailey,7512 Ricardo Spur Apt. 129,West Wendy,Lesotho,53521,+690 965-950-8716
94,Mcmahon-Russell,Susan Wilson,6027 White Shoal Apt. 389,North Heathermouth,Norway,59569,+681 6432858874
95,Pierce LLC,Renee Hamilton,77190 Elizabeth Lights,Lake Michaelburgh,Northern Mariana Islands,74306,+881 6 (991)217-9581x447
96,Smith Group,James Campbell,683 Alan Drive,East Davidfort,Belarus,65957,+1 264 001-984-480-8124x56878
97,"Herrera, Griffin and Collins",Colleen Anderson,6755 Jorge Cliffs Suite 040,Robertfort,Christmas Island,81718,+689 9344130980
98,Fisher and Sons,Brittany Hall,7226 Wells Vista,North Leonardland,Andorra,52421,+46 +1-893-925-6674x565
99,Martinez LLC,Alexander Moore,51881 Moore Inlet,Crystalfurt,Estonia,59493,+222 (616)864-3066
100,Pierce-Smith,Sabrina Johnson,8823 Todd Lights Suite 381,Williamsview,Venezuela,22397,+230 +1-382-617-8013x5888
